kontor;fylke
Arendal;Agder
Birkenes;Agder
Evje og Hornnes;Agder
Grimstad;Agder
Hægebostad;Agder
Kristiansand;Agder
Lillesand;Agder
Lindesnes;Agder
Lister;Agder
Midt-Agder;Agder
Risør;Agder
Åmli;Agder
Øst i Agder;Agder
Eidskog;Innlandet
Elverum;Innlandet
Engerdal;Innlandet
Gjøvik;Innlandet
Hadeland;Innlandet
Hamar;Innlandet
Kongsvinger;Innlandet
Land;Innlandet
Lesja - Dovre;Innlandet
Lillehammer-Gausdal;Innlandet
Lom-Skjåk;Innlandet
Løten;Innlandet
Midt-Gudbrandsdal;Innlandet
Nord-Østerdal;Innlandet
Odal;Innlandet
Ringsaker;Innlandet
Sel;Innlandet
Solør;Innlandet
Stange;Innlandet
Stor-Elvdal;Innlandet
Trysil;Innlandet
Valdres;Innlandet
Vestre Toten;Innlandet
Vågå;Innlandet
Åmot;Innlandet
Østre Toten;Innlandet
Øyer;Innlandet
Aukra;Møre og Romsdal
Aure;Møre og Romsdal
Averøy;Møre og Romsdal
Giske;Møre og Romsdal
Gjemnes;Møre og Romsdal
Haram;Møre og Romsdal
Hustadvika;Møre og Romsdal
Indre Nordmøre;Møre og Romsdal
Kristiansund;Møre og Romsdal
Molde;Møre og Romsdal
Rauma;Møre og Romsdal
Smøla;Møre og Romsdal
Sula;Møre og Romsdal
Sykkylven - Stranda;Møre og Romsdal
Vestnes;Møre og Romsdal
ytre Søre Sunnmøre;Møre og Romsdal
Ålesund;Møre og Romsdal
Ørsta-Volda;Møre og Romsdal
Andøy;Nordland
Bodø;Nordland
Bø;Nordland
Hadsel;Nordland
Hattfjelldal;Nordland
Hemnes;Nordland
Indre Salten;Nordland
Lofoten;Nordland
Lurøy;Nordland
Lødingen;Nordland
Narvik;Nordland
Nesna;Nordland
Rana;Nordland
Røst;Nordland
Sortland;Nordland
Steigen;Nordland
Sør-Helgeland;Nordland
Sør-Salten;Nordland
Vefsna;Nordland
Værøy;Nordland
Ytre Helgeland;Nordland
Øksnes;Nordland
Alna;Oslo
Bjerke;Oslo
Frogner;Oslo
Gamle Oslo;Oslo
Grorud;Oslo
Grünerløkka;Oslo
Nordre Aker;Oslo
Nordstrand;Oslo
Sagene;Oslo
St. Hanshaugen;Oslo
Stovner;Oslo
Søndre Nordstrand;Oslo
Ullern;Oslo
Vestre Aker;Oslo
Østensjø;Oslo
Dalane;Rogaland
Eiganes og Tasta;Rogaland
Gjesdal;Rogaland
Haugesund-Utsira;Rogaland
Hillevåg og Hinna;Rogaland
Hjelmeland;Rogaland
Hundvåg og Storhaug;Rogaland
Hå;Rogaland
Karmøy-Bokn;Rogaland
Klepp-Time;Rogaland
Madla;Rogaland
Randaberg-Kvitsøy;Rogaland
Rennesøy og Finnøy;Rogaland
Sandnes;Rogaland
Sauda;Rogaland
Sola;Rogaland
Strand;Rogaland
Suldal;Rogaland
Tysvær;Rogaland
Vindafjord-Etne;Rogaland
Alta-Kvænangen-Loppa;Troms og Finnmark
Balsfjord-Storfjord;Troms og Finnmark
Berlevåg;Troms og Finnmark
Båtsfjord;Troms og Finnmark
Deatnu/Tana;Troms og Finnmark
Gamvik;Troms og Finnmark
Gáivuotna/Kåfjord;Troms og Finnmark
Hammerfest-Måsøy;Troms og Finnmark
Hasvik;Troms og Finnmark
Karlsøy;Troms og Finnmark
Lebesby;Troms og Finnmark
Lyngen;Troms og Finnmark
Målselv-Bardu;Troms og Finnmark
Nordkapp;Troms og Finnmark
Nordreisa;Troms og Finnmark
Porsanger;Troms og Finnmark
Salangen-Lavangen-Dyrøy;Troms og Finnmark
Senja-Sørreisa;Troms og Finnmark
Skjervøy;Troms og Finnmark
Sør-Troms;Troms og Finnmark
Sør-Varanger;Troms og Finnmark
Tromsø;Troms og Finnmark
Unjárga/Nesseby;Troms og Finnmark
Vadsø;Troms og Finnmark
Vardø;Troms og Finnmark
Ávjovárri;Troms og Finnmark
Falkenborg;Trøndelag
Fosen;Trøndelag
Heim;Trøndelag
Hitra Frøya;Trøndelag
Indre Namdal;Trøndelag
Inn-Trøndelag;Trøndelag
Lerkendal;Trøndelag
Levanger;Trøndelag
Malvik;Trøndelag
Midtre Gauldal;Trøndelag
Midtre Namdal;Trøndelag
Nærøysund;Trøndelag
Oppdal og Rennebu;Trøndelag
Orkland;Trøndelag
Røros, Os og Holtålen;Trøndelag
Skaun Melhus;Trøndelag
Verdal;Trøndelag
Værnes;Trøndelag
Asker;Vest-Viken
Bærum;Vest-Viken
Drammen;Vest-Viken
Hallingdal;Vest-Viken
Hole;Vest-Viken
Jevnaker;Vest-Viken
Kongsberg;Vest-Viken
Lier;Vest-Viken
Midt-Buskerud;Vest-Viken
Numedal;Vest-Viken
Ringerike;Vest-Viken
Øvre Eiker;Vest-Viken
Bamble;Vestfold og Telemark
Drangedal;Vestfold og Telemark
Færder;Vestfold og Telemark
Holmestrand;Vestfold og Telemark
Horten;Vestfold og Telemark
Kragerø;Vestfold og Telemark
Larvik;Vestfold og Telemark
Midt-Telemark;Vestfold og Telemark
Notodden og Hjartdal;Vestfold og Telemark
Porsgrunn;Vestfold og Telemark
Sandefjord;Vestfold og Telemark
Siljan;Vestfold og Telemark
Skien;Vestfold og Telemark
Tinn;Vestfold og Telemark
Tønsberg;Vestfold og Telemark
Vest-Telemark;Vestfold og Telemark
Alver;Vestland
Askvoll;Vestland
Askøy;Vestland
Aurland og Lærdal;Vestland
Austevoll;Vestland
Bergen nord;Vestland
Bergen sentrum;Vestland
Bergen sør;Vestland
Bergen vest;Vestland
Bjørnafjorden;Vestland
Bømlo;Vestland
Eidfjord;Vestland
Fensfjorden;Vestland
Fitjar;Vestland
Kinn;Vestland
Kvam;Vestland
Kvinnherad;Vestland
Luster;Vestland
Nordfjord;Vestland
Osterøy;Vestland
Samnanger;Vestland
Sogndal;Vestland
Solund;Vestland
Stord;Vestland
Sunnfjord og Ytre Sogn;Vestland
Sveio;Vestland
Tysnes;Vestland
Ullensvang;Vestland
Ulvik;Vestland
Vaksdal;Vestland
Vik;Vestland
Voss;Vestland
Årdal;Vestland
Øygarden;Vestland
Aurskog-Høland;Øst-Viken
Eidsvoll Hurdal;Øst-Viken
Enebakk;Øst-Viken
Fredrikstad;Øst-Viken
Frogn;Øst-Viken
Halden-Aremark;Øst-Viken
Hvaler;Øst-Viken
Indre Østfold;Øst-Viken
Lillestrøm;Øst-Viken
Lørenskog;Øst-Viken
Moss;Øst-Viken
Nannestad Gjerdrum;Øst-Viken
Nes i Akershus;Øst-Viken
Nesodden;Øst-Viken
Nittedal;Øst-Viken
Nordre Follo;Øst-Viken
Rakkestad;Øst-Viken
Råde;Øst-Viken
Rælingen;Øst-Viken
Sarpsborg;Øst-Viken
Skiptvet Marker;Øst-Viken
Ullensaker;Øst-Viken
Vestby;Øst-Viken
Våler;Øst-Viken
Ås;Øst-Viken